trade_id,run_id,symbol,side,order_type,placed_time,entry_time,exit_time,entry_price,exit_price,stop_loss,take_profit,risk_pips,pnl_pips,result_r,planned_rr,mfe_r,mae_r,exit_reason,session,weekday,duration_min
2,asian_breakout,EURUSD,SELL,STOP,2025-02-26 10:00:00,2025-02-26 14:15:00,2025-02-26 17:45:00,1.04862,1.05062,1.05062,1.04562,20.0,-20.0,-1.0,1.5,0.56,1.0,STOP_LOSS,London,Wednesday,210.0
5,asian_breakout,EURUSD,BUY,STOP,2025-02-28 10:00:00,2025-02-28 11:00:00,2025-02-28 12:15:00,1.04055,1.03925,1.03925,1.0425,13.0,-13.0,-1.0,1.5,0.11,1.0,STOP_LOSS,London,Friday,75.0
8,asian_breakout,EURUSD,SELL,STOP,2025-03-03 10:00:00,2025-03-03 10:20:00,2025-03-03 11:05:00,1.03972,1.04107,1.04107,1.03769,13.5,-13.5,-1.0,1.5,0.64,1.0,STOP_LOSS,London,Monday,45.0
9,asian_breakout,EURUSD,BUY,STOP,2025-03-04 10:00:00,2025-03-04 10:20:00,2025-03-04 11:45:00,1.05018,1.05256,1.04859,1.05256,15.9,23.9,1.5,1.5,1.5,0.0,TAKE_PROFIT,London,Tuesday,85.0
12,asian_breakout,EURUSD,SELL,STOP,2025-03-06 10:00:00,2025-03-06 11:35:00,2025-03-06 11:50:00,1.0783,1.08032,1.08032,1.07527,20.2,-20.2,-1.0,1.5,0.0,1.0,STOP_LOSS,London,Thursday,15.0
13,asian_breakout,EURUSD,BUY,STOP,2025-03-12 10:00:00,2025-03-12 11:50:00,2025-03-12 13:35:00,1.09201,1.09055,1.09055,1.09421,14.6,-14.6,-1.0,1.5,0.43,1.0,STOP_LOSS,London,Wednesday,105.0
15,asian_breakout,EURUSD,SELL,STOP,2025-03-13 10:00:00,2025-03-13 10:30:00,2025-03-13 11:25:00,1.08683,1.08833,1.08833,1.08457,15.0,-15.0,-1.0,1.5,0.6,1.0,STOP_LOSS,London,Thursday,55.0
17,asian_breakout,EURUSD,SELL,STOP,2025-03-14 10:00:00,2025-03-14 10:30:00,2025-03-14 11:05:00,1.08332,1.08465,1.08465,1.08133,13.3,-13.3,-1.0,1.5,0.2,1.0,STOP_LOSS,London,Friday,35.0
19,asian_breakout,EURUSD,SELL,STOP,2025-03-17 10:00:00,2025-03-17 10:30:00,2025-03-17 11:10:00,1.08723,1.08837,1.08837,1.08552,11.4,-11.4,-1.0,1.5,0.26,1.0,STOP_LOSS,London,Monday,40.0
20,asian_breakout,EURUSD,BUY,STOP,2025-03-18 10:00:00,2025-03-18 10:30:00,2025-03-18 11:10:00,1.09239,1.094,1.09132,1.094,10.7,16.1,1.5,1.5,1.5,0.07,TAKE_PROFIT,London,Tuesday,40.0
24,asian_breakout,EURUSD,SELL,STOP,2025-03-20 10:00:00,2025-03-20 10:05:00,2025-03-20 10:40:00,1.08886,1.08662,1.09035,1.08662,15.0,22.4,1.5,1.5,1.5,0.41,TAKE_PROFIT,London,Thursday,35.0
27,asian_breakout,EURUSD,BUY,STOP,2025-03-24 10:00:00,2025-03-24 10:10:00,2025-03-24 15:10:00,1.0846,1.08281,1.08281,1.08729,17.9,-17.9,-1.0,1.5,0.69,1.0,STOP_LOSS,London,Monday,300.0
30,asian_breakout,EURUSD,SELL,STOP,2025-03-25 10:00:00,2025-03-25 10:20:00,2025-03-25 11:20:00,1.07917,1.07778,1.0801,1.07778,9.3,13.9,1.5,1.5,1.5,0.36,TAKE_PROFIT,London,Tuesday,60.0
31,asian_breakout,EURUSD,BUY,STOP,2025-03-26 10:00:00,2025-03-26 11:55:00,2025-03-26 13:35:00,1.07984,1.07875,1.07875,1.08147,10.9,-10.9,-1.0,1.5,0.41,1.0,STOP_LOSS,London,Wednesday,100.0
34,asian_breakout,EURUSD,SELL,STOP,2025-03-28 10:00:00,2025-03-28 10:55:00,2025-03-28 11:00:00,1.07816,1.0792,1.0792,1.07659,10.4,-10.4,-1.0,1.5,0.0,1.0,STOP_LOSS,London,Friday,5.0
36,asian_breakout,EURUSD,SELL,STOP,2025-04-01 10:00:00,2025-04-01 13:05:00,2025-04-01 22:00:00,1.07978,1.07895,1.08145,1.07727,16.7,8.3,0.5,1.5,1.16,0.89,MANUAL,London,Tuesday,535.0
38,asian_breakout,EURUSD,SELL,STOP,2025-04-02 10:00:00,2025-04-02 10:10:00,2025-04-02 11:15:00,1.0785,1.07972,1.07972,1.07667,12.2,-12.2,-1.0,1.5,0.39,1.0,STOP_LOSS,London,Wednesday,65.0
41,asian_breakout,EURUSD,BUY,STOP,2025-05-13 10:00:00,2025-05-13 10:20:00,2025-05-13 13:05:00,1.11208,1.11021,1.11021,1.11489,18.7,-18.7,-1.0,1.5,0.21,1.0,STOP_LOSS,London,Tuesday,165.0
43,asian_breakout,EURUSD,BUY,STOP,2025-05-14 10:00:00,2025-05-14 10:35:00,2025-05-14 11:00:00,1.1202,1.12193,1.11905,1.12193,11.5,17.2,1.5,1.5,1.5,0.18,TAKE_PROFIT,London,Wednesday,25.0
46,asian_breakout,EURUSD,SELL,STOP,2025-05-22 10:00:00,2025-05-22 10:10:00,2025-05-22 11:05:00,1.13099,1.13281,1.13281,1.12826,18.2,-18.2,-1.0,1.5,0.81,1.0,STOP_LOSS,London,Thursday,55.0
47,asian_breakout,EURUSD,BUY,STOP,2025-06-04 10:00:00,2025-06-04 10:25:00,2025-06-04 13:40:00,1.13944,1.13752,1.13752,1.14232,19.2,-19.2,-1.0,1.5,0.51,1.0,STOP_LOSS,London,Wednesday,195.0
52,asian_breakout,EURUSD,SELL,STOP,2025-06-06 10:00:00,2025-06-06 10:25:00,2025-06-06 15:30:00,1.14236,1.13974,1.14411,1.13974,17.5,26.2,1.5,1.5,1.5,0.46,TAKE_PROFIT,London,Friday,305.0
54,asian_breakout,EURUSD,SELL,STOP,2025-06-11 10:00:00,2025-06-11 10:10:00,2025-06-11 10:50:00,1.14053,1.1423,1.1423,1.13787,17.7,-17.7,-1.0,1.5,0.0,1.0,STOP_LOSS,London,Wednesday,40.0
55,asian_breakout,EURUSD,BUY,STOP,2025-06-17 10:00:00,2025-06-17 14:15:00,2025-06-17 14:50:00,1.15736,1.15575,1.15575,1.15978,16.1,-16.1,-1.0,1.5,0.0,1.0,STOP_LOSS,London,Tuesday,35.0
58,asian_breakout,EURUSD,SELL,STOP,2025-06-25 10:00:00,2025-06-25 10:05:00,2025-06-25 17:30:00,1.16006,1.16167,1.16167,1.15765,16.1,-16.1,-1.0,1.5,0.65,1.0,STOP_LOSS,London,Wednesday,445.0
59,asian_breakout,EURUSD,BUY,STOP,2025-06-27 10:00:00,2025-06-27 10:05:00,2025-06-27 16:00:00,1.17204,1.17511,1.16996,1.17511,20.6,30.7,1.49,1.5,1.49,0.94,TAKE_PROFIT,London,Friday,355.0
63,asian_breakout,EURUSD,BUY,STOP,2025-07-01 10:00:00,2025-07-01 11:50:00,2025-07-01 17:00:00,1.1809,1.1789,1.1789,1.18391,20.1,-20.1,-1.0,1.5,1.06,1.0,STOP_LOSS,London,Tuesday,310.0
66,asian_breakout,EURUSD,SELL,STOP,2025-07-02 10:00:00,2025-07-02 10:35:00,2025-07-02 19:05:00,1.17722,1.17917,1.17917,1.17429,19.5,-19.5,-1.0,1.5,1.3,1.0,STOP_LOSS,London,Wednesday,510.0
68,asian_breakout,EURUSD,SELL,STOP,2025-07-03 10:00:00,2025-07-03 14:55:00,2025-07-03 15:30:00,1.17857,1.17665,1.17985,1.17665,12.8,19.2,1.5,1.5,1.5,0.35,TAKE_PROFIT,London,Thursday,35.0
72,asian_breakout,EURUSD,SELL,STOP,2025-07-09 10:00:00,2025-07-09 14:50:00,2025-07-09 15:15:00,1.17004,1.17155,1.17155,1.16778,15.1,-15.1,-1.0,1.5,0.71,1.0,STOP_LOSS,London,Wednesday,25.0
74,asian_breakout,EURUSD,SELL,STOP,2025-07-10 10:00:00,2025-07-10 14:50:00,2025-07-10 17:20:00,1.17097,1.16789,1.17302,1.16789,20.5,30.8,1.5,1.5,1.5,0.26,TAKE_PROFIT,London,Thursday,150.0
75,asian_breakout,EURUSD,BUY,STOP,2025-07-15 10:00:00,2025-07-15 10:30:00,2025-07-15 14:20:00,1.16892,1.16736,1.16736,1.17126,15.6,-15.6,-1.0,1.5,0.22,1.0,STOP_LOSS,London,Tuesday,230.0
80,asian_breakout,EURUSD,BUY,STOP,2025-07-22 10:00:00,2025-07-22 11:30:00,2025-07-22 13:00:00,1.16971,1.17089,1.16892,1.17089,7.9,11.8,1.5,1.5,1.5,0.47,TAKE_PROFIT,London,Tuesday,90.0
83,asian_breakout,EURUSD,SELL,STOP,2025-07-23 10:00:00,2025-07-23 13:50:00,2025-07-23 18:15:00,1.1726,1.17416,1.17416,1.17026,15.6,-15.6,-1.0,1.5,0.95,1.0,STOP_LOSS,London,Wednesday,265.0
85,asian_breakout,EURUSD,SELL,STOP,2025-07-24 10:00:00,2025-07-24 11:55:00,2025-07-24 15:40:00,1.17562,1.17375,1.17687,1.17375,12.5,18.7,1.5,1.5,1.5,0.28,TAKE_PROFIT,London,Thursday,225.0
87,asian_breakout,EURUSD,SELL,STOP,2025-07-25 10:00:00,2025-07-25 13:20:00,2025-07-25 16:05:00,1.17327,1.17107,1.17474,1.17107,14.7,22.0,1.5,1.5,1.5,0.33,TAKE_PROFIT,London,Friday,165.0
89,asian_breakout,EURUSD,SELL,STOP,2025-07-30 10:00:00,2025-07-30 13:35:00,2025-07-30 15:15:00,1.1539,1.15131,1.15562,1.15131,17.2,25.9,1.5,1.5,1.5,0.27,TAKE_PROFIT,London,Wednesday,100.0
91,asian_breakout,EURUSD,SELL,STOP,2025-08-01 10:00:00,2025-08-01 12:20:00,2025-08-01 14:10:00,1.14038,1.14215,1.14215,1.13772,17.7,-17.7,-1.0,1.5,0.59,1.0,STOP_LOSS,London,Friday,110.0
92,asian_breakout,EURUSD,BUY,STOP,2025-08-06 10:00:00,2025-08-06 13:05:00,2025-08-06 13:20:00,1.15896,1.16094,1.15764,1.16094,13.2,19.8,1.5,1.5,1.5,0.0,TAKE_PROFIT,London,Wednesday,15.0
94,asian_breakout,EURUSD,BUY,STOP,2025-08-07 10:00:00,2025-08-07 10:35:00,2025-08-07 13:15:00,1.16809,1.16647,1.16647,1.17053,16.2,-16.2,-1.0,1.5,1.09,1.0,STOP_LOSS,London,Thursday,160.0
97,asian_breakout,EURUSD,SELL,STOP,2025-08-11 10:00:00,2025-08-11 12:35:00,2025-08-11 17:00:00,1.16397,1.16119,1.16582,1.16119,18.5,27.8,1.5,1.5,1.5,0.46,TAKE_PROFIT,London,Monday,265.0
99,asian_breakout,EURUSD,SELL,STOP,2025-08-12 10:00:00,2025-08-12 12:25:00,2025-08-12 15:30:00,1.1607,1.16187,1.16187,1.15895,11.7,-11.7,-1.0,1.5,0.7,1.0,STOP_LOSS,London,Tuesday,185.0
100,asian_breakout,EURUSD,BUY,STOP,2025-08-13 10:00:00,2025-08-13 10:05:00,2025-08-13 12:15:00,1.16982,1.17219,1.16824,1.17219,15.8,23.7,1.5,1.5,1.5,0.01,TAKE_PROFIT,London,Wednesday,130.0
103,asian_breakout,EURUSD,SELL,STOP,2025-08-14 10:00:00,2025-08-14 10:20:00,2025-08-14 15:30:00,1.16839,1.16596,1.17001,1.16596,16.2,24.3,1.5,1.5,1.5,0.86,TAKE_PROFIT,London,Thursday,310.0
106,asian_breakout,EURUSD,SELL,STOP,2025-08-18 10:00:00,2025-08-18 10:50:00,2025-08-18 11:00:00,1.16925,1.16739,1.17049,1.16739,12.4,18.6,1.5,1.5,1.5,0.0,TAKE_PROFIT,London,Monday,10.0
107,asian_breakout,EURUSD,BUY,STOP,2025-08-19 10:00:00,2025-08-19 10:05:00,2025-08-19 19:05:00,1.16765,1.16575,1.16575,1.17051,19.1,-19.1,-1.0,1.5,0.87,1.0,STOP_LOSS,London,Tuesday,540.0
109,asian_breakout,EURUSD,BUY,STOP,2025-08-20 10:00:00,2025-08-20 13:10:00,2025-08-20 22:00:00,1.16518,1.16537,1.16362,1.16752,15.6,1.9,0.12,1.5,1.4,0.75,MANUAL,London,Wednesday,530.0
111,asian_breakout,EURUSD,BUY,STOP,2025-08-21 10:00:00,2025-08-21 10:35:00,2025-08-21 14:45:00,1.16573,1.1641,1.1641,1.16817,16.3,-16.3,-1.0,1.5,0.35,1.0,STOP_LOSS,London,Thursday,250.0
116,asian_breakout,EURUSD,SELL,STOP,2025-08-25 10:00:00,2025-08-25 12:50:00,2025-08-25 19:15:00,1.16924,1.16647,1.17109,1.16647,18.5,27.7,1.5,1.5,1.5,0.92,TAKE_PROFIT,London,Monday,385.0
118,asian_breakout,EURUSD,SELL,STOP,2025-08-27 10:00:00,2025-08-27 10:10:00,2025-08-27 11:30:00,1.16108,1.15822,1.16298,1.15822,19.0,28.6,1.5,1.5,1.5,0.18,TAKE_PROFIT,London,Wednesday,80.0
120,asian_breakout,EURUSD,SELL,STOP,2025-08-28 10:00:00,2025-08-28 11:10:00,2025-08-28 11:40:00,1.16307,1.16433,1.16433,1.16117,12.6,-12.6,-1.0,1.5,0.12,1.0,STOP_LOSS,London,Thursday,30.0
121,asian_breakout,EURUSD,BUY,STOP,2025-08-29 10:00:00,2025-08-29 11:30:00,2025-08-29 12:30:00,1.16834,1.16692,1.16692,1.17047,14.2,-14.2,-1.0,1.5,0.39,1.0,STOP_LOSS,London,Friday,60.0
124,asian_breakout,EURUSD,SELL,STOP,2025-09-02 10:00:00,2025-09-02 10:10:00,2025-09-02 10:50:00,1.1686,1.16609,1.17028,1.16609,16.8,25.1,1.5,1.5,1.5,0.17,TAKE_PROFIT,London,Tuesday,40.0
126,asian_breakout,EURUSD,SELL,STOP,2025-09-03 10:00:00,2025-09-03 10:15:00,2025-09-03 10:45:00,1.16207,1.16331,1.16331,1.1602,12.4,-12.4,-1.0,1.5,0.97,1.0,STOP_LOSS,London,Wednesday,30.0
128,asian_breakout,EURUSD,SELL,STOP,2025-09-04 10:00:00,2025-09-04 10:20:00,2025-09-04 11:05:00,1.16472,1.16589,1.16589,1.16296,11.7,-11.7,-1.0,1.5,0.22,1.0,STOP_LOSS,London,Thursday,45.0
129,asian_breakout,EURUSD,BUY,STOP,2025-09-05 10:00:00,2025-09-05 10:55:00,2025-09-05 15:30:00,1.1679,1.17068,1.16604,1.17068,18.5,27.8,1.5,1.5,1.5,0.22,TAKE_PROFIT,London,Friday,275.0
131,asian_breakout,EURUSD,BUY,STOP,2025-09-08 10:00:00,2025-09-08 10:15:00,2025-09-08 16:10:00,1.1729,1.17489,1.17158,1.17489,13.3,19.9,1.5,1.5,1.5,0.69,TAKE_PROFIT,London,Monday,355.0
134,asian_breakout,EURUSD,SELL,STOP,2025-09-09 10:00:00,2025-09-09 10:40:00,2025-09-09 12:10:00,1.1755,1.17681,1.17681,1.17353,13.1,-13.1,-1.0,1.5,0.82,1.0,STOP_LOSS,London,Tuesday,90.0
138,asian_breakout,EURUSD,SELL,STOP,2025-09-11 10:00:00,2025-09-11 12:40:00,2025-09-11 15:30:00,1.16826,1.16953,1.16953,1.16635,12.7,-12.7,-1.0,1.5,1.5,1.0,STOP_LOSS,London,Thursday,170.0
139,asian_breakout,EURUSD,SELL,STOP,2025-09-12 10:00:00,2025-09-12 11:45:00,2025-09-12 13:30:00,1.17197,1.17308,1.17308,1.1703,11.1,-11.1,-1.0,1.5,0.63,1.0,STOP_LOSS,London,Friday,105.0
140,asian_breakout,EURUSD,BUY,STOP,2025-09-15 10:00:00,2025-09-15 10:15:00,2025-09-15 13:00:00,1.17367,1.17529,1.17259,1.17529,10.8,16.2,1.5,1.5,1.5,0.68,TAKE_PROFIT,London,Monday,165.0
142,asian_breakout,EURUSD,BUY,STOP,2025-09-16 10:00:00,2025-09-16 10:10:00,2025-09-16 14:50:00,1.17926,1.18199,1.17744,1.18199,18.2,27.3,1.5,1.5,1.5,0.21,TAKE_PROFIT,London,Tuesday,280.0
146,asian_breakout,EURUSD,SELL,STOP,2025-09-19 10:00:00,2025-09-19 10:05:00,2025-09-19 10:20:00,1.17621,1.17779,1.17779,1.17385,15.8,-15.8,-1.0,1.5,0.07,1.0,STOP_LOSS,London,Friday,15.0
147,asian_breakout,EURUSD,BUY,STOP,2025-09-22 10:00:00,2025-09-22 10:25:00,2025-09-22 12:55:00,1.17514,1.17713,1.17382,1.17713,13.3,19.9,1.5,1.5,1.5,0.35,TAKE_PROFIT,London,Monday,150.0
150,asian_breakout,EURUSD,SELL,STOP,2025-09-23 10:00:00,2025-09-23 10:15:00,2025-09-23 11:40:00,1.17847,1.1803,1.1803,1.17573,18.3,-18.3,-1.0,1.5,0.25,1.0,STOP_LOSS,London,Tuesday,85.0
152,asian_breakout,EURUSD,SELL,STOP,2025-09-24 10:00:00,2025-09-24 10:10:00,2025-09-24 13:10:00,1.17849,1.17585,1.18025,1.17585,17.6,26.4,1.5,1.5,1.5,0.59,TAKE_PROFIT,London,Wednesday,180.0
154,asian_breakout,EURUSD,SELL,STOP,2025-09-25 10:00:00,2025-09-25 10:45:00,2025-09-25 12:00:00,1.1735,1.17449,1.17449,1.17201,9.9,-9.9,-1.0,1.5,0.44,1.0,STOP_LOSS,London,Thursday,75.0
155,asian_breakout,EURUSD,BUY,STOP,2025-09-26 10:00:00,2025-09-26 11:30:00,2025-09-26 13:45:00,1.16851,1.16668,1.16668,1.17125,18.3,-18.3,-1.0,1.5,0.16,1.0,STOP_LOSS,London,Friday,135.0
157,asian_breakout,EURUSD,BUY,STOP,2025-09-29 10:00:00,2025-09-29 15:00:00,2025-09-29 22:00:00,1.17344,1.17277,1.17155,1.17628,18.9,-6.7,-0.35,1.5,1.07,0.84,MANUAL,London/NY overlap,Monday,420.0
159,asian_breakout,EURUSD,BUY,STOP,2025-09-30 10:00:00,2025-09-30 10:15:00,2025-09-30 16:05:00,1.1745,1.1728,1.1728,1.17706,17.1,-17.1,-1.0,1.5,0.99,1.0,STOP_LOSS,London,Tuesday,350.0
162,asian_breakout,EURUSD,BUY,STOP,2025-10-03 10:00:00,2025-10-03 10:30:00,2025-10-03 17:00:00,1.17306,1.17469,1.17197,1.17469,10.9,16.3,1.5,1.5,1.5,0.31,TAKE_PROFIT,London,Friday,390.0
165,asian_breakout,EURUSD,SELL,STOP,2025-10-07 10:00:00,2025-10-07 10:05:00,2025-10-07 14:45:00,1.1682,1.16566,1.16989,1.16566,17.0,25.4,1.5,1.5,1.5,0.19,TAKE_PROFIT,London,Tuesday,280.0
167,asian_breakout,EURUSD,SELL,STOP,2025-10-09 10:00:00,2025-10-09 10:40:00,2025-10-09 17:25:00,1.16098,1.15802,1.16295,1.15802,19.8,29.6,1.5,1.5,1.5,0.91,TAKE_PROFIT,London,Thursday,405.0
168,asian_breakout,EURUSD,BUY,STOP,2025-10-10 10:00:00,2025-10-10 10:55:00,2025-10-10 14:30:00,1.1579,1.15657,1.15657,1.1599,13.3,-13.3,-1.0,1.5,0.79,1.0,STOP_LOSS,London,Friday,215.0
171,asian_breakout,EURUSD,SELL,STOP,2025-10-13 10:00:00,2025-10-13 11:25:00,2025-10-13 17:30:00,1.1591,1.1561,1.1611,1.1561,20.0,30.0,1.5,1.5,1.5,0.37,TAKE_PROFIT,London,Monday,365.0
173,asian_breakout,EURUSD,SELL,STOP,2025-10-14 10:00:00,2025-10-14 10:40:00,2025-10-14 16:25:00,1.1554,1.15744,1.15744,1.15234,20.4,-20.4,-1.0,1.5,0.53,1.0,STOP_LOSS,London,Tuesday,345.0
174,asian_breakout,EURUSD,BUY,STOP,2025-10-15 10:00:00,2025-10-15 10:05:00,2025-10-15 14:55:00,1.16396,1.16201,1.16201,1.16688,19.5,-19.5,-1.0,1.5,0.31,1.0,STOP_LOSS,London,Wednesday,290.0
179,asian_breakout,EURUSD,SELL,STOP,2025-10-20 10:00:00,2025-10-20 14:00:00,2025-10-20 17:35:00,1.16507,1.16636,1.16636,1.16313,12.9,-12.9,-1.0,1.5,0.46,1.0,STOP_LOSS,London,Monday,215.0
181,asian_breakout,EURUSD,SELL,STOP,2025-10-21 10:00:00,2025-10-21 11:45:00,2025-10-21 22:00:00,1.16177,1.16075,1.1637,1.15888,19.3,10.2,0.53,1.5,1.03,0.51,MANUAL,London,Tuesday,615.0
183,asian_breakout,EURUSD,SELL,STOP,2025-10-22 10:00:00,2025-10-22 11:00:00,2025-10-22 13:35:00,1.15978,1.15835,1.16073,1.15835,9.5,14.3,1.5,1.5,1.5,0.48,TAKE_PROFIT,London,Wednesday,155.0
185,asian_breakout,EURUSD,SELL,STOP,2025-10-23 10:00:00,2025-10-23 13:45:00,2025-10-23 15:45:00,1.15893,1.16025,1.16025,1.15695,13.2,-13.2,-1.0,1.5,0.28,1.0,STOP_LOSS,London,Thursday,120.0
186,asian_breakout,EURUSD,BUY,STOP,2025-10-24 10:00:00,2025-10-24 10:30:00,2025-10-24 10:30:00,1.16227,1.16112,1.16112,1.16399,11.4,-11.4,-1.0,1.5,0.0,1.0,STOP_LOSS,London,Friday,0.0
189,asian_breakout,EURUSD,SELL,STOP,2025-10-27 10:00:00,2025-10-27 10:55:00,2025-10-27 12:15:00,1.16197,1.16342,1.16342,1.1598,14.5,-14.5,-1.0,1.5,0.13,1.0,STOP_LOSS,London,Monday,80.0
193,asian_breakout,EURUSD,SELL,STOP,2025-10-29 10:00:00,2025-10-29 11:55:00,2025-10-29 12:45:00,1.16239,1.1643,1.1643,1.15953,19.1,-19.1,-1.0,1.5,0.32,1.0,STOP_LOSS,London,Wednesday,50.0
196,asian_breakout,EURUSD,SELL,STOP,2025-11-03 10:00:00,2025-11-03 10:35:00,2025-11-03 18:20:00,1.15203,1.15314,1.15314,1.15037,11.1,-11.1,-1.0,1.5,1.35,1.0,STOP_LOSS,London,Monday,465.0
198,asian_breakout,EURUSD,SELL,STOP,2025-11-04 10:00:00,2025-11-04 13:40:00,2025-11-04 22:00:00,1.14971,1.1476,1.15159,1.14689,18.8,21.1,1.12,1.5,1.28,0.01,MANUAL,London,Tuesday,500.0
200,asian_breakout,EURUSD,SELL,STOP,2025-11-05 10:00:00,2025-11-05 12:10:00,2025-11-05 13:25:00,1.14771,1.14882,1.14882,1.14604,11.1,-11.1,-1.0,1.5,0.08,1.0,STOP_LOSS,London,Wednesday,75.0
201,asian_breakout,EURUSD,BUY,STOP,2025-11-06 10:00:00,2025-11-06 10:05:00,2025-11-06 15:00:00,1.15149,1.15345,1.15019,1.15345,13.0,19.6,1.5,1.5,1.5,0.69,TAKE_PROFIT,London,Thursday,295.0
203,asian_breakout,EURUSD,BUY,STOP,2025-11-07 10:00:00,2025-11-07 13:00:00,2025-11-07 16:00:00,1.15527,1.15707,1.15407,1.15707,12.0,18.0,1.5,1.5,1.5,0.26,TAKE_PROFIT,London,Friday,180.0
205,asian_breakout,EURUSD,BUY,STOP,2025-11-10 10:00:00,2025-11-10 10:15:00,2025-11-10 13:05:00,1.15732,1.15569,1.15569,1.15976,16.2,-16.2,-1.0,1.5,0.6,1.0,STOP_LOSS,London,Monday,170.0
207,asian_breakout,EURUSD,BUY,STOP,2025-11-11 10:00:00,2025-11-11 10:20:00,2025-11-11 10:55:00,1.15663,1.15562,1.15562,1.15815,10.1,-10.1,-1.0,1.5,0.23,1.0,STOP_LOSS,London,Tuesday,35.0
210,asian_breakout,EURUSD,SELL,STOP,2025-11-12 10:00:00,2025-11-12 11:50:00,2025-11-12 14:00:00,1.15691,1.15793,1.15793,1.15538,10.2,-10.2,-1.0,1.5,0.38,1.0,STOP_LOSS,London,Wednesday,130.0
213,asian_breakout,EURUSD,SELL,STOP,2025-11-14 10:00:00,2025-11-14 10:20:00,2025-11-14 10:40:00,1.16224,1.16361,1.16361,1.16019,13.7,-13.7,-1.0,1.5,0.0,1.0,STOP_LOSS,London,Friday,20.0
216,asian_breakout,EURUSD,BUY,STOP,2025-11-18 10:00:00,2025-11-18 10:05:00,2025-11-18 10:30:00,1.16049,1.15942,1.15942,1.1621,10.7,-10.7,-1.0,1.5,0.16,1.0,STOP_LOSS,London,Tuesday,25.0
219,asian_breakout,EURUSD,SELL,STOP,2025-11-19 10:00:00,2025-11-19 11:00:00,2025-11-19 13:30:00,1.15709,1.15847,1.15847,1.15503,13.8,-13.8,-1.0,1.5,0.38,1.0,STOP_LOSS,London,Wednesday,150.0
221,asian_breakout,EURUSD,SELL,STOP,2025-11-20 10:00:00,2025-11-20 14:50:00,2025-11-20 15:30:00,1.15091,1.15261,1.15261,1.14835,17.0,-17.0,-1.0,1.5,0.62,1.0,STOP_LOSS,London,Thursday,40.0
222,asian_breakout,EURUSD,BUY,STOP,2025-11-21 10:00:00,2025-11-21 10:15:00,2025-11-21 11:10:00,1.1549,1.15336,1.15336,1.1572,15.4,-15.4,-1.0,1.5,0.24,1.0,STOP_LOSS,London,Friday,55.0
224,asian_breakout,EURUSD,BUY,STOP,2025-11-24 10:00:00,2025-11-24 10:10:00,2025-11-24 19:00:00,1.15293,1.15151,1.15151,1.15507,14.3,-14.3,-1.0,1.5,1.49,1.0,STOP_LOSS,London,Monday,530.0
226,asian_breakout,EURUSD,BUY,STOP,2025-11-25 10:00:00,2025-11-25 10:45:00,2025-11-25 14:40:00,1.15315,1.15473,1.1521,1.15473,10.5,15.8,1.5,1.5,1.5,0.65,TAKE_PROFIT,London,Tuesday,235.0
231,asian_breakout,EURUSD,SELL,STOP,2025-11-27 10:00:00,2025-11-27 11:10:00,2025-11-27 17:20:00,1.15847,1.15997,1.15997,1.15623,15.0,-15.0,-1.0,1.5,0.54,1.0,STOP_LOSS,London,Thursday,370.0
233,asian_breakout,EURUSD,SELL,STOP,2025-11-28 10:00:00,2025-11-28 10:10:00,2025-11-28 12:50:00,1.15761,1.15559,1.15896,1.15559,13.5,20.2,1.5,1.5,1.5,0.32,TAKE_PROFIT,London,Friday,160.0
234,asian_breakout,EURUSD,BUY,STOP,2025-12-01 10:00:00,2025-12-01 10:15:00,2025-12-01 14:40:00,1.16171,1.16386,1.16027,1.16386,14.4,21.5,1.5,1.5,1.5,0.77,TAKE_PROFIT,London,Monday,265.0
237,asian_breakout,EURUSD,SELL,STOP,2025-12-02 10:00:00,2025-12-02 11:45:00,2025-12-02 11:50:00,1.16027,1.161,1.161,1.15917,7.3,-7.3,-1.0,1.5,0.0,1.0,STOP_LOSS,London,Tuesday,5.0
238,asian_breakout,EURUSD,BUY,STOP,2025-12-03 10:00:00,2025-12-03 12:10:00,2025-12-03 22:00:00,1.16539,1.16716,1.16351,1.1682,18.8,17.7,0.94,1.5,1.27,0.0,MANUAL,London,Wednesday,590.0
240,asian_breakout,EURUSD,BUY,STOP,2025-12-04 10:00:00,2025-12-04 10:20:00,2025-12-04 15:15:00,1.1675,1.16635,1.16635,1.16922,11.5,-11.5,-1.0,1.5,0.62,1.0,STOP_LOSS,London,Thursday,295.0
246,asian_breakout,EURUSD,BUY,STOP,2025-12-09 10:00:00,2025-12-09 11:35:00,2025-12-09 12:40:00,1.16514,1.16412,1.16412,1.16668,10.3,-10.3,-1.0,1.5,0.59,1.0,STOP_LOSS,London,Tuesday,65.0
248,asian_breakout,EURUSD,BUY,STOP,2025-12-10 10:00:00,2025-12-10 10:25:00,2025-12-10 12:00:00,1.16505,1.16349,1.16349,1.1674,15.6,-15.6,-1.0,1.5,0.47,1.0,STOP_LOSS,London,Wednesday,95.0
250,asian_breakout,EURUSD,BUY,STOP,2025-12-11 10:00:00,2025-12-11 13:00:00,2025-12-11 15:45:00,1.17084,1.17306,1.16936,1.17306,14.8,22.2,1.5,1.5,1.5,0.0,TAKE_PROFIT,London,Thursday,165.0
253,asian_breakout,EURUSD,SELL,STOP,2025-12-12 10:00:00,2025-12-12 10:55:00,2025-12-12 16:40:00,1.17302,1.17387,1.17387,1.17175,8.5,-8.5,-1.0,1.5,1.24,1.0,STOP_LOSS,London,Friday,345.0
255,asian_breakout,EURUSD,SELL,STOP,2025-12-15 10:00:00,2025-12-15 10:10:00,2025-12-15 10:30:00,1.17269,1.17363,1.17363,1.17127,9.4,-9.4,-1.0,1.5,0.0,1.0,STOP_LOSS,London,Monday,20.0
256,asian_breakout,EURUSD,BUY,STOP,2025-12-16 10:00:00,2025-12-16 10:15:00,2025-12-16 10:35:00,1.17603,1.17518,1.17518,1.1773,8.4,-8.4,-1.0,1.5,0.44,1.0,STOP_LOSS,London,Tuesday,20.0
259,asian_breakout,EURUSD,SELL,STOP,2025-12-18 10:00:00,2025-12-18 10:30:00,2025-12-18 11:25:00,1.17324,1.17187,1.17416,1.17187,9.1,13.7,1.5,1.5,1.5,0.08,TAKE_PROFIT,London,Thursday,55.0
262,asian_breakout,EURUSD,BUY,STOP,2025-12-22 10:00:00,2025-12-22 10:05:00,2025-12-22 15:30:00,1.1732,1.17521,1.17186,1.17521,13.4,20.1,1.5,1.5,1.5,0.66,TAKE_PROFIT,London,Monday,325.0
264,asian_breakout,EURUSD,BUY,STOP,2025-12-23 10:00:00,2025-12-23 10:05:00,2025-12-23 17:35:00,1.17825,1.17666,1.17666,1.18063,15.9,-15.9,-1.0,1.5,1.24,1.0,STOP_LOSS,London,Tuesday,450.0
267,asian_breakout,EURUSD,SELL,STOP,2025-12-24 10:00:00,2025-12-24 10:10:00,2025-12-24 10:55:00,1.17848,1.17969,1.17969,1.17667,12.1,-12.1,-1.0,1.5,0.41,1.0,STOP_LOSS,London,Wednesday,45.0
269,asian_breakout,EURUSD,SELL,STOP,2025-12-26 10:00:00,2025-12-26 10:05:00,2025-12-26 13:20:00,1.1769,1.17819,1.17819,1.17497,12.9,-12.9,-1.0,1.5,0.17,1.0,STOP_LOSS,London,Friday,195.0
270,asian_breakout,EURUSD,BUY,STOP,2025-12-29 10:00:00,2025-12-29 10:50:00,2025-12-29 12:55:00,1.17876,1.17701,1.17701,1.18138,17.5,-17.5,-1.0,1.5,0.09,1.0,STOP_LOSS,London,Monday,125.0
273,asian_breakout,EURUSD,SELL,STOP,2025-12-30 10:00:00,2025-12-30 15:00:00,2025-12-30 22:00:00,1.17591,1.17457,1.177,1.17427,10.9,13.4,1.22,1.5,1.27,0.83,MANUAL,London/NY overlap,Tuesday,420.0
275,asian_breakout,EURUSD,SELL,STOP,2025-12-31 10:00:00,2025-12-31 10:25:00,2025-12-31 12:45:00,1.17287,1.17395,1.17395,1.17126,10.7,-10.7,-1.0,1.5,0.8,1.0,STOP_LOSS,London,Wednesday,140.0
277,asian_breakout,EURUSD,SELL,STOP,2026-01-02 10:00:00,2026-01-02 10:05:00,2026-01-02 17:55:00,1.17311,1.17486,1.17486,1.17049,17.5,-17.5,-1.0,1.5,1.02,1.0,STOP_LOSS,London,Friday,470.0
279,asian_breakout,EURUSD,SELL,STOP,2026-01-06 10:00:00,2026-01-06 11:25:00,2026-01-06 22:00:00,1.17097,1.16912,1.17268,1.1684,17.1,18.5,1.08,1.5,1.5,0.52,MANUAL,London,Tuesday,635.0
281,asian_breakout,EURUSD,SELL,STOP,2026-01-07 10:00:00,2026-01-07 10:05:00,2026-01-07 12:20:00,1.16775,1.16907,1.16907,1.16578,13.1,-13.1,-1.0,1.5,0.34,1.0,STOP_LOSS,London,Wednesday,135.0
283,asian_breakout,EURUSD,SELL,STOP,2026-01-08 10:00:00,2026-01-08 10:35:00,2026-01-08 12:00:00,1.16713,1.16778,1.16778,1.16616,6.5,-6.5,-1.0,1.5,0.36,1.0,STOP_LOSS,London,Thursday,85.0
285,asian_breakout,EURUSD,SELL,STOP,2026-01-09 10:00:00,2026-01-09 12:20:00,2026-01-09 15:30:00,1.16388,1.16511,1.16511,1.16204,12.3,-12.3,-1.0,1.5,1.11,1.0,STOP_LOSS,London,Friday,190.0
286,asian_breakout,EURUSD,BUY,STOP,2026-01-13 10:00:00,2026-01-13 11:30:00,2026-01-13 14:35:00,1.16718,1.16622,1.16622,1.16861,9.6,-9.6,-1.0,1.5,0.27,1.0,STOP_LOSS,London,Tuesday,185.0
288,asian_breakout,EURUSD,BUY,STOP,2026-01-14 10:00:00,2026-01-14 11:35:00,2026-01-14 13:55:00,1.16532,1.16441,1.16441,1.16668,9.1,-9.1,-1.0,1.5,0.53,1.0,STOP_LOSS,London,Wednesday,140.0
291,asian_breakout,EURUSD,SELL,STOP,2026-01-15 10:00:00,2026-01-15 14:55:00,2026-01-15 15:30:00,1.16249,1.16075,1.16365,1.16075,11.6,17.4,1.5,1.5,1.5,0.05,TAKE_PROFIT,London,Thursday,35.0
292,asian_breakout,EURUSD,BUY,STOP,2026-01-16 10:00:00,2026-01-16 12:30:00,2026-01-16 17:15:00,1.16159,1.16268,1.16086,1.16268,7.3,10.9,1.5,1.5,1.5,0.6,TAKE_PROFIT,London,Friday,285.0
295,asian_breakout,EURUSD,SELL,STOP,2026-01-21 10:00:00,2026-01-21 10:25:00,2026-01-21 14:20:00,1.17089,1.17222,1.17222,1.1689,13.3,-13.3,-1.0,1.5,0.57,1.0,STOP_LOSS,London,Wednesday,235.0
296,asian_breakout,EURUSD,BUY,STOP,2026-01-22 10:00:00,2026-01-22 13:10:00,2026-01-22 16:35:00,1.16984,1.17205,1.16837,1.17205,14.7,22.1,1.5,1.5,1.5,0.56,TAKE_PROFIT,London,Thursday,205.0
299,asian_breakout,EURUSD,SELL,STOP,2026-01-23 10:00:00,2026-01-23 10:05:00,2026-01-23 15:15:00,1.17338,1.17472,1.17472,1.17137,13.4,-13.4,-1.0,1.5,0.4,1.0,STOP_LOSS,London,Friday,310.0
301,asian_breakout,EURUSD,SELL,STOP,2026-01-27 10:00:00,2026-01-27 10:10:00,2026-01-27 11:50:00,1.18598,1.18802,1.18802,1.18292,20.4,-20.4,-1.0,1.5,0.46,1.0,STOP_LOSS,London,Tuesday,100.0
303,asian_breakout,EURUSD,SELL,STOP,2026-02-02 10:00:00,2026-02-02 15:00:00,2026-02-02 16:10:00,1.18384,1.18103,1.18572,1.18103,18.8,28.1,1.5,1.5,1.5,0.23,TAKE_PROFIT,London/NY overlap,Monday,70.0
305,asian_breakout,EURUSD,SELL,STOP,2026-02-03 10:00:00,2026-02-03 13:00:00,2026-02-03 15:10:00,1.17846,1.18051,1.18051,1.17538,20.5,-20.5,-1.0,1.5,0.08,1.0,STOP_LOSS,London,Tuesday,130.0
306,asian_breakout,EURUSD,BUY,STOP,2026-02-04 10:00:00,2026-02-04 10:10:00,2026-02-04 11:30:00,1.18373,1.18225,1.18225,1.18595,14.8,-14.8,-1.0,1.5,0.0,1.0,STOP_LOSS,London,Wednesday,80.0
309,asian_breakout,EURUSD,SELL,STOP,2026-02-05 10:00:00,2026-02-05 11:55:00,2026-02-05 13:50:00,1.17817,1.17955,1.17955,1.17609,13.8,-13.8,-1.0,1.5,0.1,1.0,STOP_LOSS,London,Thursday,115.0
312,asian_breakout,EURUSD,BUY,STOP,2026-02-10 10:00:00,2026-02-10 11:10:00,2026-02-10 13:10:00,1.19183,1.19069,1.19069,1.19354,11.4,-11.4,-1.0,1.5,0.15,1.0,STOP_LOSS,London,Tuesday,120.0
314,asian_breakout,EURUSD,BUY,STOP,2026-02-11 10:00:00,2026-02-11 12:55:00,2026-02-11 13:40:00,1.19267,1.1906,1.1906,1.19577,20.7,-20.7,-1.0,1.5,0.0,1.0,STOP_LOSS,London,Wednesday,45.0
316,asian_breakout,EURUSD,BUY,STOP,2026-02-12 10:00:00,2026-02-12 11:00:00,2026-02-12 14:50:00,1.18858,1.18685,1.18685,1.19117,17.2,-17.2,-1.0,1.5,0.13,1.0,STOP_LOSS,London,Thursday,230.0
321,asian_breakout,EURUSD,SELL,STOP,2026-02-16 10:00:00,2026-02-16 10:25:00,2026-02-16 10:45:00,1.18579,1.18648,1.18648,1.18476,6.9,-6.9,-1.0,1.5,0.12,1.0,STOP_LOSS,London,Monday,20.0
323,asian_breakout,EURUSD,SELL,STOP,2026-02-17 10:00:00,2026-02-17 13:55:00,2026-02-17 17:25:00,1.18276,1.18084,1.18404,1.18084,12.8,19.2,1.5,1.5,1.5,0.66,TAKE_PROFIT,London,Tuesday,210.0
325,asian_breakout,EURUSD,SELL,STOP,2026-02-18 10:00:00,2026-02-18 10:05:00,2026-02-18 14:35:00,1.18319,1.18453,1.18453,1.18117,13.4,-13.4,-1.0,1.5,0.25,1.0,STOP_LOSS,London,Wednesday,270.0
326,asian_breakout,EURUSD,BUY,STOP,2026-02-19 10:00:00,2026-02-19 10:20:00,2026-02-19 12:15:00,1.18047,1.17925,1.17925,1.18229,12.1,-12.1,-1.0,1.5,0.26,1.0,STOP_LOSS,London,Thursday,115.0
329,asian_breakout,EURUSD,SELL,STOP,2026-02-20 10:00:00,2026-02-20 10:05:00,2026-02-20 10:30:00,1.17485,1.17629,1.17629,1.17269,14.4,-14.4,-1.0,1.5,0.35,1.0,STOP_LOSS,London,Friday,25.0
335,asian_breakout,EURUSD,SELL,STOP,2026-02-26 10:00:00,2026-02-26 11:15:00,2026-02-26 15:10:00,1.17989,1.18145,1.18145,1.17755,15.6,-15.6,-1.0,1.5,0.36,1.0,STOP_LOSS,London,Thursday,235.0
336,asian_breakout,EURUSD,BUY,STOP,2026-02-27 10:00:00,2026-02-27 10:05:00,2026-02-27 11:05:00,1.18205,1.18042,1.18042,1.1845,16.3,-16.3,-1.0,1.5,0.01,1.0,STOP_LOSS,London,Friday,60.0
339,asian_breakout,EURUSD,SELL,STOP,2026-03-06 10:00:00,2026-03-06 11:00:00,2026-03-06 11:20:00,1.16005,1.15842,1.16114,1.15842,10.9,16.3,1.5,1.5,1.5,0.0,TAKE_PROFIT,London,Friday,20.0
340,asian_breakout,EURUSD,BUY,STOP,2026-03-10 10:00:00,2026-03-10 10:30:00,2026-03-10 13:35:00,1.16467,1.16263,1.16263,1.16773,20.4,-20.4,-1.0,1.5,0.83,1.0,STOP_LOSS,London,Tuesday,185.0
342,asian_breakout,EURUSD,BUY,STOP,2026-03-11 10:00:00,2026-03-11 10:15:00,2026-03-11 10:35:00,1.1642,1.16219,1.16219,1.16722,20.1,-20.1,-1.0,1.5,0.0,1.0,STOP_LOSS,London,Wednesday,20.0
345,asian_breakout,EURUSD,SELL,STOP,2026-03-18 10:00:00,2026-03-18 10:35:00,2026-03-18 13:05:00,1.15303,1.15404,1.15404,1.15152,10.1,-10.1,-1.0,1.5,1.22,1.0,STOP_LOSS,London,Wednesday,150.0
347,asian_breakout,EURUSD,SELL,STOP,2026-03-26 10:00:00,2026-03-26 10:50:00,2026-03-26 12:00:00,1.15506,1.15621,1.15621,1.15333,11.5,-11.5,-1.0,1.5,0.26,1.0,STOP_LOSS,London,Thursday,70.0
349,asian_breakout,EURUSD,SELL,STOP,2026-03-27 10:00:00,2026-03-27 10:25:00,2026-03-27 14:50:00,1.15234,1.15054,1.15354,1.15054,12.0,18.0,1.5,1.5,1.5,0.27,TAKE_PROFIT,London,Friday,265.0
351,asian_breakout,EURUSD,SELL,STOP,2026-03-30 10:00:00,2026-03-30 12:15:00,2026-03-30 17:15:00,1.14865,1.14596,1.15044,1.14596,17.9,26.9,1.5,1.5,1.5,0.81,TAKE_PROFIT,London,Monday,300.0
352,asian_breakout,EURUSD,BUY,STOP,2026-04-03 10:00:00,2026-04-03 10:25:00,2026-04-03 15:30:00,1.15462,1.15372,1.15372,1.15597,9.0,-9.0,-1.0,1.5,0.34,1.0,STOP_LOSS,London,Friday,305.0
354,asian_breakout,EURUSD,BUY,STOP,2026-04-06 10:00:00,2026-04-06 10:30:00,2026-04-06 10:50:00,1.15387,1.15646,1.15214,1.15646,17.2,25.9,1.5,1.5,1.5,0.0,TAKE_PROFIT,London,Monday,20.0
356,asian_breakout,EURUSD,BUY,STOP,2026-04-07 10:00:00,2026-04-07 11:00:00,2026-04-07 11:40:00,1.15491,1.15685,1.15361,1.15685,13.0,19.4,1.5,1.5,1.5,0.06,TAKE_PROFIT,London,Tuesday,40.0
358,asian_breakout,EURUSD,BUY,STOP,2026-04-09 10:00:00,2026-04-09 11:50:00,2026-04-09 14:50:00,1.16722,1.16894,1.16607,1.16894,11.4,17.2,1.5,1.5,1.5,0.33,TAKE_PROFIT,London,Thursday,180.0
361,asian_breakout,EURUSD,SELL,STOP,2026-04-10 10:00:00,2026-04-10 10:40:00,2026-04-10 12:15:00,1.1682,1.16928,1.16928,1.16657,10.9,-10.9,-1.0,1.5,0.41,1.0,STOP_LOSS,London,Friday,95.0
362,asian_breakout,EURUSD,BUY,STOP,2026-04-13 10:00:00,2026-04-13 10:25:00,2026-04-13 19:30:00,1.16961,1.1721,1.16795,1.1721,16.6,24.9,1.5,1.5,1.5,0.94,TAKE_PROFIT,London,Monday,545.0
366,asian_breakout,EURUSD,SELL,STOP,2026-04-15 10:00:00,2026-04-15 12:10:00,2026-04-15 15:55:00,1.17778,1.17904,1.17904,1.17588,12.6,-12.6,-1.0,1.5,0.43,1.0,STOP_LOSS,London,Wednesday,225.0
368,asian_breakout,EURUSD,SELL,STOP,2026-04-16 10:00:00,2026-04-16 10:50:00,2026-04-16 16:55:00,1.17923,1.17678,1.18086,1.17678,16.3,24.5,1.5,1.5,1.5,0.13,TAKE_PROFIT,London,Thursday,365.0
369,asian_breakout,EURUSD,BUY,STOP,2026-04-17 10:00:00,2026-04-17 11:40:00,2026-04-17 15:20:00,1.17884,1.18014,1.17797,1.18014,8.6,13.0,1.5,1.5,1.5,0.0,TAKE_PROFIT,London,Friday,220.0
371,asian_breakout,EURUSD,BUY,STOP,2026-04-20 10:00:00,2026-04-20 10:05:00,2026-04-20 22:00:00,1.17668,1.17837,1.1747,1.17964,19.8,16.9,0.86,1.5,1.19,0.66,MANUAL,London,Monday,715.0
374,asian_breakout,EURUSD,SELL,STOP,2026-04-21 10:00:00,2026-04-21 10:35:00,2026-04-21 15:35:00,1.1771,1.17551,1.17816,1.17551,10.6,15.9,1.5,1.5,1.5,0.32,TAKE_PROFIT,London,Tuesday,300.0
378,asian_breakout,EURUSD,SELL,STOP,2026-04-23 10:00:00,2026-04-23 12:40:00,2026-04-23 17:20:00,1.16911,1.1703,1.1703,1.16732,11.9,-11.9,-1.0,1.5,1.0,1.0,STOP_LOSS,London,Thursday,280.0
379,asian_breakout,EURUSD,BUY,STOP,2026-04-24 10:00:00,2026-04-24 10:55:00,2026-04-24 14:00:00,1.16906,1.17047,1.16812,1.17047,9.4,14.1,1.5,1.5,1.5,0.72,TAKE_PROFIT,London,Friday,185.0
383,asian_breakout,EURUSD,SELL,STOP,2026-04-28 10:00:00,2026-04-28 12:35:00,2026-04-28 18:00:00,1.16863,1.17073,1.17073,1.16549,20.9,-20.9,-1.0,1.5,0.42,1.0,STOP_LOSS,London,Tuesday,325.0
385,asian_breakout,EURUSD,SELL,STOP,2026-04-29 10:00:00,2026-04-29 11:05:00,2026-04-29 13:55:00,1.16954,1.17086,1.17086,1.16756,13.2,-13.2,-1.0,1.5,0.13,1.0,STOP_LOSS,London,Wednesday,170.0
386,asian_breakout,EURUSD,BUY,STOP,2026-04-30 10:00:00,2026-04-30 11:05:00,2026-04-30 14:00:00,1.16903,1.17174,1.16722,1.17174,18.1,27.1,1.5,1.5,1.5,0.95,TAKE_PROFIT,London,Thursday,175.0
388,asian_breakout,EURUSD,BUY,STOP,2026-05-01 10:00:00,2026-05-01 11:25:00,2026-05-01 12:55:00,1.17462,1.17319,1.17319,1.17676,14.3,-14.3,-1.0,1.5,0.11,1.0,STOP_LOSS,London,Friday,90.0
391,asian_breakout,EURUSD,SELL,STOP,2026-05-04 10:00:00,2026-05-04 10:40:00,2026-05-04 13:05:00,1.17192,1.16968,1.17341,1.16968,14.9,22.4,1.5,1.5,1.5,0.33,TAKE_PROFIT,London,Monday,145.0
392,asian_breakout,EURUSD,BUY,STOP,2026-05-05 10:00:00,2026-05-05 10:35:00,2026-05-05 11:40:00,1.1695,1.16853,1.16853,1.17096,9.7,-9.7,-1.0,1.5,0.19,1.0,STOP_LOSS,London,Tuesday,65.0
394,asian_breakout,EURUSD,BUY,STOP,2026-05-07 10:00:00,2026-05-07 10:05:00,2026-05-07 20:25:00,1.17645,1.17534,1.17534,1.17812,11.1,-11.1,-1.0,1.5,1.23,1.0,STOP_LOSS,London,Thursday,620.0
396,asian_breakout,EURUSD,BUY,STOP,2026-05-08 10:00:00,2026-05-08 11:20:00,2026-05-08 12:20:00,1.17494,1.17722,1.17342,1.17722,15.2,22.8,1.5,1.5,1.5,0.0,TAKE_PROFIT,London,Friday,60.0
398,asian_breakout,EURUSD,BUY,STOP,2026-05-11 10:00:00,2026-05-11 10:25:00,2026-05-11 22:00:00,1.17732,1.17762,1.17582,1.17957,15.0,3.0,0.2,1.5,0.98,0.65,MANUAL,London,Monday,695.0
402,asian_breakout,EURUSD,SELL,STOP,2026-05-13 10:00:00,2026-05-13 10:15:00,2026-05-13 12:15:00,1.1717,1.16976,1.173,1.16976,13.0,19.4,1.5,1.5,1.5,0.23,TAKE_PROFIT,London,Wednesday,120.0
404,asian_breakout,EURUSD,SELL,STOP,2026-05-14 10:00:00,2026-05-14 14:30:00,2026-05-14 16:35:00,1.17035,1.16892,1.1713,1.16892,9.5,14.3,1.5,1.5,1.5,0.26,TAKE_PROFIT,London,Thursday,125.0
405,asian_breakout,EURUSD,BUY,STOP,2026-05-18 10:00:00,2026-05-18 10:25:00,2026-05-18 22:00:00,1.16377,1.16496,1.16224,1.16607,15.3,11.9,0.78,1.5,1.29,0.75,MANUAL,London,Monday,695.0
408,asian_breakout,EURUSD,SELL,STOP,2026-05-19 10:00:00,2026-05-19 10:05:00,2026-05-19 16:15:00,1.16325,1.16094,1.16479,1.16094,15.4,23.1,1.5,1.5,1.5,0.35,TAKE_PROFIT,London,Tuesday,370.0
410,asian_breakout,EURUSD,SELL,STOP,2026-05-20 10:00:00,2026-05-20 11:10:00,2026-05-20 13:35:00,1.15908,1.16025,1.16025,1.15733,11.7,-11.7,-1.0,1.5,0.6,1.0,STOP_LOSS,London,Wednesday,145.0
412,asian_breakout,EURUSD,SELL,STOP,2026-05-21 10:00:00,2026-05-21 10:15:00,2026-05-21 10:20:00,1.16146,1.15983,1.16254,1.15983,10.9,16.3,1.5,1.5,1.5,0.0,TAKE_PROFIT,London,Thursday,5.0
414,asian_breakout,EURUSD,SELL,STOP,2026-05-22 10:00:00,2026-05-22 10:05:00,2026-05-22 11:20:00,1.16043,1.16133,1.16133,1.15909,9.0,-9.0,-1.0,1.5,0.31,1.0,STOP_LOSS,London,Friday,75.0
415,asian_breakout,EURUSD,BUY,STOP,2026-05-25 10:00:00,2026-05-25 14:40:00,2026-05-25 17:00:00,1.16501,1.16384,1.16384,1.16676,11.7,-11.7,-1.0,1.5,0.25,1.0,STOP_LOSS,London,Monday,140.0
418,asian_breakout,EURUSD,SELL,STOP,2026-05-26 10:00:00,2026-05-26 10:05:00,2026-05-26 10:30:00,1.16261,1.16353,1.16353,1.16123,9.2,-9.2,-1.0,1.5,0.0,1.0,STOP_LOSS,London,Tuesday,25.0
422,asian_breakout,EURUSD,SELL,STOP,2026-05-29 10:00:00,2026-05-29 11:45:00,2026-05-29 13:10:00,1.16332,1.16454,1.16454,1.16148,12.3,-12.3,-1.0,1.5,0.66,1.0,STOP_LOSS,London,Friday,85.0
428,asian_breakout,EURUSD,SELL,STOP,2026-06-03 10:00:00,2026-06-03 11:15:00,2026-06-03 13:05:00,1.16114,1.1623,1.1623,1.15941,11.6,-11.6,-1.0,1.5,0.54,1.0,STOP_LOSS,London,Wednesday,110.0
429,asian_breakout,EURUSD,BUY,STOP,2026-06-04 10:00:00,2026-06-04 12:00:00,2026-06-04 13:35:00,1.16162,1.16332,1.16048,1.16332,11.4,17.0,1.5,1.5,1.5,0.0,TAKE_PROFIT,London,Thursday,95.0
431,asian_breakout,EURUSD,BUY,STOP,2026-06-05 10:00:00,2026-06-05 10:05:00,2026-06-05 10:35:00,1.16239,1.16366,1.16154,1.16366,8.5,12.7,1.5,1.5,1.5,0.04,TAKE_PROFIT,London,Friday,30.0
434,asian_breakout,EURUSD,SELL,STOP,2026-06-08 10:00:00,2026-06-08 12:20:00,2026-06-08 13:30:00,1.15047,1.15229,1.15229,1.14775,18.1,-18.1,-1.0,1.5,0.26,1.0,STOP_LOSS,London,Monday,70.0
435,asian_breakout,EURUSD,BUY,STOP,2026-06-09 10:00:00,2026-06-09 12:05:00,2026-06-09 16:00:00,1.15545,1.1576,1.15402,1.1576,14.3,21.5,1.5,1.5,1.5,0.0,TAKE_PROFIT,London,Tuesday,235.0
437,asian_breakout,EURUSD,BUY,STOP,2026-06-10 10:00:00,2026-06-10 12:45:00,2026-06-10 14:00:00,1.15594,1.15457,1.15457,1.15799,13.7,-13.7,-1.0,1.5,0.03,1.0,STOP_LOSS,London,Wednesday,75.0
440,asian_breakout,EURUSD,SELL,STOP,2026-06-11 10:00:00,2026-06-11 13:15:00,2026-06-11 14:30:00,1.15246,1.15409,1.15409,1.15001,16.3,-16.3,-1.0,1.5,0.07,1.0,STOP_LOSS,London,Thursday,75.0
441,asian_breakout,EURUSD,BUY,STOP,2026-06-12 10:00:00,2026-06-12 12:25:00,2026-06-12 13:25:00,1.15878,1.15719,1.15719,1.16117,15.9,-15.9,-1.0,1.5,0.08,1.0,STOP_LOSS,London,Friday,60.0
443,asian_breakout,EURUSD,BUY,STOP,2026-06-16 10:00:00,2026-06-16 11:00:00,2026-06-16 18:50:00,1.15963,1.16132,1.1585,1.16132,11.3,16.9,1.5,1.5,1.5,0.75,TAKE_PROFIT,London,Tuesday,470.0
446,asian_breakout,EURUSD,SELL,STOP,2026-06-17 10:00:00,2026-06-17 11:10:00,2026-06-17 14:20:00,1.16027,1.15914,1.16102,1.15914,7.6,11.3,1.5,1.5,1.5,0.48,TAKE_PROFIT,London,Wednesday,190.0
448,asian_breakout,EURUSD,SELL,STOP,2026-06-18 10:00:00,2026-06-18 11:30:00,2026-06-18 12:30:00,1.14983,1.1475,1.15138,1.1475,15.5,23.3,1.5,1.5,1.5,0.03,TAKE_PROFIT,London,Thursday,60.0
450,asian_breakout,EURUSD,SELL,STOP,2026-06-22 10:00:00,2026-06-22 10:30:00,2026-06-22 12:05:00,1.14513,1.1463,1.1463,1.14337,11.7,-11.7,-1.0,1.5,0.82,1.0,STOP_LOSS,London,Monday,95.0
451,asian_breakout,EURUSD,BUY,STOP,2026-06-23 10:00:00,2026-06-23 10:05:00,2026-06-23 10:30:00,1.14331,1.14254,1.14254,1.14447,7.7,-7.7,-1.0,1.5,0.79,1.0,STOP_LOSS,London,Tuesday,25.0
454,asian_breakout,EURUSD,SELL,STOP,2026-06-24 10:00:00,2026-06-24 10:05:00,2026-06-24 15:30:00,1.13565,1.13353,1.13706,1.13353,14.1,21.2,1.5,1.5,1.5,0.33,TAKE_PROFIT,London,Wednesday,325.0
456,asian_breakout,EURUSD,SELL,STOP,2026-06-25 10:00:00,2026-06-25 10:15:00,2026-06-25 10:55:00,1.13465,1.13594,1.13594,1.13271,12.9,-12.9,-1.0,1.5,0.0,1.0,STOP_LOSS,London,Thursday,40.0
457,asian_breakout,EURUSD,BUY,STOP,2026-06-26 10:00:00,2026-06-26 10:35:00,2026-06-26 11:45:00,1.13836,1.14064,1.13684,1.14064,15.2,22.8,1.5,1.5,1.5,0.04,TAKE_PROFIT,London,Friday,70.0
462,asian_breakout,EURUSD,SELL,STOP,2026-07-01 10:00:00,2026-07-01 10:05:00,2026-07-01 15:30:00,1.13993,1.13801,1.14121,1.13801,12.8,19.2,1.5,1.5,1.5,0.38,TAKE_PROFIT,London,Wednesday,325.0
463,asian_breakout,EURUSD,BUY,STOP,2026-07-02 10:00:00,2026-07-02 10:40:00,2026-07-02 15:30:00,1.14056,1.14297,1.13896,1.14297,16.0,24.1,1.5,1.5,1.5,0.64,TAKE_PROFIT,London,Thursday,290.0
466,asian_breakout,EURUSD,SELL,STOP,2026-07-06 10:00:00,2026-07-06 10:05:00,2026-07-06 19:20:00,1.14188,1.14305,1.14305,1.14012,11.7,-11.7,-1.0,1.5,0.88,1.0,STOP_LOSS,London,Monday,555.0
